first_name, last_name, email, age, gender, username, password
Ebbe, Skinnes, ebbe.skinnes@example.com, 43, male,orangepanda750,pride
Jose, Jimenez, jose.jimenez@example.com, 28, male,whiteswan820,4wwvte
Jayden, Perry, jayden.perry@example.com, 54, male,blackpeacock438,tootsie
Carter, Roy, carter.roy@example.com, 23, male,redfish179,pitchers
Taylor, Wade, taylor.wade@example.com, 45, male,orangepeacock666,joke
Bradley, Willis, bradley.willis@example.com, 24, male,yellowrabbit337,sinatra
Mackenzie, Martin, mackenzie.martin@example.com, 51, female,ticklishsnake405,nancy1
Maëline, Louis, maeline.louis@example.com, 24, female,redkoala810,wolfie
Abdulrahman, Bergh, abdulrahman.bergh@example.com, 30, male,sadfrog298,johndoe
Mercedes, Campos, mercedes.campos@example.com, 51, female,bluegoose430,steven
Leo, Hanninen, leo.hanninen@example.com, 22, male,tinygorilla849,soccer10
بیتا, حیدری, byt.hydry@example.com, 30, female,smallkoala490,magic
Julia, Hughes, julia.hughes@example.com, 44, female,ticklishwolf916,stefano
Charlotte, Harrison, charlotte.harrison@example.com, 63, female,bigkoala778,dannyboy
Izete, Moraes, izete.moraes@example.com, 43, female,organicpeacock193,geneva
Thijm, Hoeven, thijm.hoeven@example.com, 59, male,angrypanda651,sydney
Salvador, Ruiz, salvador.ruiz@example.com, 69, male,ticklishdog440,kelsey
Billy, Anderson, billy.anderson@example.com, 33, male,ticklishbear698,banana
Savannah, Myers, savannah.myers@example.com, 51, female,organiczebra544,roberta
Gustavo, Montero, gustavo.montero@example.com, 48, male,redmeercat442,fdm7ed
Nadia, Dupuis, nadia.dupuis@example.com, 70, female,happypeacock770,sambo
Bonnie, Smith, bonnie.smith@example.com, 52, female,whitesnake529,wheeler
Ignacio, Mora, ignacio.mora@example.com, 38, male,beautifulbutterfly722,kerry
Katja, George, katja.george@example.com, 75, female,whitedog563,655321
Dejalme, Fernandes, dejalme.fernandes@example.com, 50, male,brownlion775,donald
Çetin, Limoncuoğlu, cetin.limoncuoglu@example.com, 30, male,redbutterfly112,greedy
Tércio, Pereira, tercio.pereira@example.com, 73, male,blackbird107,wage
Anthony, Peck, anthony.peck@example.com, 58, male,heavyrabbit368,dawson
Romi, Hattink, romi.hattink@example.com, 65, female,yellowfish569,eskimo
بیتا, جعفری, byt.jaafry@example.com, 22, female,orangepeacock629,cumming
Kaylee, Richardson, kaylee.richardson@example.com, 36, female,crazyostrich855,warcraft
Coşkun, Akgül, coskun.akgul@example.com, 55, male,brownsnake452,peter1
Felipe, Bravo, felipe.bravo@example.com, 66, male,crazymeercat628,deep
اميرحسين, حسینی, myrhsyn.hsyny@example.com, 41, male,greensnake116,eastside
Mestan, Başoğlu, mestan.basoglu@example.com, 41, female,brownbear814,bollox
Minttu, Aro, minttu.aro@example.com, 50, female,beautifulbird837,greene
Logan, Scott, logan.scott@example.com, 40, male,greenbird815,ceasar
Teresa, Boyd, teresa.boyd@example.com, 68, female,silverpeacock290,gobucks
William, Wheeler, william.wheeler@example.com, 58, male,organicdog349,accord
Ayaan, Skadberg, ayaan.skadberg@example.com, 68, male,heavywolf226,camero1
Daniel, Jones, daniel.jones@example.com, 57, male,silverpanda906,super1
Rémy, Mercier, remy.mercier@example.com, 37, male,bluecat197,chase1
Ava, Brown, ava.brown@example.com, 48, female,blackzebra666,tribal
Emma, Sullivan, emma.sullivan@example.com, 23, female,blueelephant157,marina
William, Andersen, william.andersen@example.com, 25, male,whitemeercat244,1017
Gloria, Mora, gloria.mora@example.com, 23, female,lazyfrog267,llllllll
Ana, Fernandez, ana.fernandez@example.com, 75, female,whitesnake139,enterme
Maria, Palmer, maria.palmer@example.com, 63, female,beautifuldog934,stiffy
Addison, Gill, addison.gill@example.com, 52, female,heavyswan409,matteo
Sammy, Cruz, sammy.cruz@example.com, 76, male,bluemeercat940,lincoln
Marilou, Duval, marilou.duval@example.com, 41, female,whitebear130,bessie
Megan, Williamson, megan.williamson@example.com, 37, female,redduck247,ncc74656
Allan, Thompson, allan.thompson@example.com, 28, male,crazybird107,spyder
Julius, Weimer, julius.weimer@example.com, 38, male,greenbird360,action
Ülkü, Türkdoğan, ulku.turkdogan@example.com, 56, female,redlion105,ladies
Jacomina, Hofstra, jacomina.hofstra@example.com, 56, female,yellowleopard332,cubswin
Ronja, Leclercq, ronja.leclercq@example.com, 37, female,purplepeacock770,picks
Kaitlin, Gordon, kaitlin.gordon@example.com, 73, female,happydog420,098765
Zilca, Rezende, zilca.rezende@example.com, 62, female,yellowostrich379,licker
Alma, Rasmussen, alma.rasmussen@example.com, 30, female,redelephant600,bubbles
Méline, Leclerc, meline.leclerc@example.com, 45, female,silversnake991,danni
Cory, Lord, cory.lord@example.com, 29, male,yellowmouse351,lemonade
Debra, Rodriquez, debra.rodriquez@example.com, 70, female,sadbear488,checker
Norma, Soto, norma.soto@example.com, 57, female,goldenmeercat994,winner
Steve, White, steve.white@example.com, 32, male,redmouse433,moondog
Phoebe, Lucas, phoebe.lucas@example.com, 62, female,smallswan743,cutter
Alberte, Andersen, alberte.andersen@example.com, 42, female,purplefrog141,herewego
Grace, Graves, grace.graves@example.com, 34, female,beautifulbutterfly766,doit
Alberte, Andersen, alberte.andersen@example.com, 59, female,tinybutterfly783,women
Gonca, Eronat, gonca.eronat@example.com, 55, female,brownpanda753,dunbar
Cathrine, Sande, cathrine.sande@example.com, 28, female,lazybutterfly769,khan
Aatu, Kyllonen, aatu.kyllonen@example.com, 38, male,yellowwolf478,abcd
Johnni, Weaver, johnni.weaver@example.com, 24, male,tinylion905,beretta
Hector, Fuentes, hector.fuentes@example.com, 63, male,bigbird442,indigo
Kerttu, Kari, kerttu.kari@example.com, 31, female,whiteostrich382,1016
Recep, Freytag, recep.freytag@example.com, 22, male,smallswan327,stocks
Marius, Dubois, marius.dubois@example.com, 42, male,orangedog621,bullet
Alex, Ford, alex.ford@example.com, 41, male,heavydog824,augusta
Vanesa, Martinez, vanesa.martinez@example.com, 53, female,purplerabbit273,skip
Liam, Chavez, liam.chavez@example.com, 42, male,sadmouse666,concord
Juliette, Petit, juliette.petit@example.com, 24, female,blueswan624,hhhhhhhh
Mary, Gilbert, mary.gilbert@example.com, 38, female,bluekoala174,super
Oliver, Wood, oliver.wood@example.com, 45, male,blackpanda257,bailey
Sebastian, Johansen, sebastian.johansen@example.com, 53, male,organicleopard716,greenday
Aschwin, Loogman, aschwin.loogman@example.com, 30, male,happysnake139,lemmein
Rachel, Parker, rachel.parker@example.com, 27, female,silverkoala515,huge
Terry, Gordon, terry.gordon@example.com, 57, male,blackbear838,hairy
Heather, Hunter, heather.hunter@example.com, 64, female,biggoose359,honolulu
Angeles, Sanchez, angeles.sanchez@example.com, 71, female,sadpanda769,brenda
Sidra, Haave, sidra.haave@example.com, 41, female,happyzebra202,subway
Claire, Russell, claire.russell@example.com, 40, female,smallgoose331,beach1
Sjoerdje, Veijer, sjoerdje.veijer@example.com, 33, female,tinypeacock630,tbird
Vinjar, Landrø, vinjar.landro@example.com, 59, male,silverdog690,ussy
Mary, Rogers, mary.rogers@example.com, 47, female,purplefish229,bubbas
Richard, Martin, richard.martin@example.com, 57, male,bigfish384,roses
Agustin, Lorenzo, agustin.lorenzo@example.com, 25, male,greenmouse895,gabby
Jules, Vincent, jules.vincent@example.com, 59, male,sadbear309,action
Carole, George, carole.george@example.com, 32, female,sadrabbit789,giggles
سهیل, سهيلي راد, shyl.shylyrd@example.com, 25, male,sadduck866,claude
Vildan, Ağaoğlu, vildan.agaoglu@example.com, 40, female,purplebutterfly478,destroy
Larry, Clark, larry.clark@example.com, 57, male,browngorilla646,bondage
George, Simmmons, george.simmmons@example.com, 75, male,sadbutterfly566,delete
Gonçalo, Riviere, goncalo.riviere@example.com, 34, male,silvergorilla344,slave1
Jean-Jacques, Leclercq, jean-jacques.leclercq@example.com, 25, male,angryduck202,blow
Sofia, Brewer, sofia.brewer@example.com, 74, female,greenzebra948,hookers
Thilde, Hustoft, thilde.hustoft@example.com, 55, female,organicdog279,admin
Beatriz, da Mota, beatriz.damota@example.com, 61, female,bigbutterfly435,gina
Allen, Graves, allen.graves@example.com, 70, male,bluefrog445,trident
Lisa, Cooper, lisa.cooper@example.com, 42, female,goldenpanda276,angelo
Ahlam, Bjørkum, ahlam.bjorkum@example.com, 45, female,blackbear848,handball
کیانا, احمدی, khyn.hmdy@example.com, 23, female,beautifulmouse292,jonathan
Rina, Jesus, rina.jesus@example.com, 47, female,yellowleopard254,454545
Eléa, Dumas, elea.dumas@example.com, 59, female,biggorilla330,ludwig
Aswin, Binkhorst, aswin.binkhorst@example.com, 72, male,angrywolf249,francine
Alicia, Lopez, alicia.lopez@example.com, 41, female,redkoala581,lkjh
Emmie, Mathieu, emmie.mathieu@example.com, 42, female,goldenduck971,1961
Lilja, Couri, lilja.couri@example.com, 51, female,beautifulostrich174,design
Nancy, Colin, nancy.colin@example.com, 53, female,smallduck854,babyblue
Zackary, White, zackary.white@example.com, 45, male,yellowpeacock507,424242
Laurin, Michel, laurin.michel@example.com, 49, male,bluegorilla511,iawgk2
Caroline, Morrison, caroline.morrison@example.com, 72, female,brownwolf377,remote
Kaitlin, Wallace, kaitlin.wallace@example.com, 29, female,whitekoala455,daphne
Nicoline, Jørgensen, nicoline.jorgensen@example.com, 66, female,ticklishfrog939,abcde
Edward, Bates, edward.bates@example.com, 65, male,goldenzebra378,drifter
Pieterdina, Kommers, pieterdina.kommers@example.com, 42, female,happyfrog963,cabron
Ceyhan, Akaydın, ceyhan.akaydin@example.com, 58, female,tinyswan557,wrestler
Mathilde, Bourgeois, mathilde.bourgeois@example.com, 27, female,beautifulleopard979,scorpion
Angeles, Aguilar, angeles.aguilar@example.com, 25, female,goldenfrog635,tickling
Emilio, Mendez, emilio.mendez@example.com, 30, male,orangeswan327,qwerty
Oskari, Kallio, oskari.kallio@example.com, 70, male,orangeelephant497,foreplay
Hugh, Chambers, hugh.chambers@example.com, 42, male,heavykoala196,choice
Inmaculada, Moreno, inmaculada.moreno@example.com, 57, female,organicladybug607,surgery
بهاره, سلطانی نژاد, bhrh.sltnynjd@example.com, 28, female,blueswan461,kappa
Volkan, Eronat, volkan.eronat@example.com, 25, male,redbutterfly322,longdong
Lesley-Ann, Stadhouders, lesley-ann.stadhouders@example.com, 29, female,organicostrich602,glasgow
Noah, Mortensen, noah.mortensen@example.com, 56, male,crazylion956,magelan
نازنین, کامروا, nznyn.khmrw@example.com, 27, female,brownkoala485,hans
Tammy, Williams, tammy.williams@example.com, 57, female,goldenfrog446,141414
سینا, نجاتی, syn.njty@example.com, 69, male,crazybutterfly856,sonic
Natalia, Alonso, natalia.alonso@example.com, 59, female,purplemeercat212,emperor
Adam, Jackson, adam.jackson@example.com, 63, male,smallwolf341,american
Aria, Davies, aria.davies@example.com, 71, female,blueduck311,creampie
Dianne, Bennett, dianne.bennett@example.com, 71, female,goldentiger472,pentium
Marcus, Moore, marcus.moore@example.com, 23, male,organicfish679,lizard
Alfred, Wright, alfred.wright@example.com, 74, male,purplemeercat384,1221
Egas, Nascimento, egas.nascimento@example.com, 62, male,bluepeacock245,miller
Gökhan, Samancı, gokhan.samanci@example.com, 47, male,sadkoala505,flipper
Danielle, Ladwig, danielle.ladwig@example.com, 28, female,goldencat262,hiking
Giray, Yılmazer, giray.yilmazer@example.com, 41, male,tinybear448,741852
Josephine, Vabø, josephine.vabo@example.com, 24, female,brownladybug932,henti
Nelli, Anttila, nelli.anttila@example.com, 44, female,smalltiger203,redbull
Marta, Arias, marta.arias@example.com, 23, female,orangedog901,oicu812
Domingos, Carvalho, domingos.carvalho@example.com, 49, male,lazytiger366,attitude
Willard, Fields, willard.fields@example.com, 55, male,purplepeacock824,bravo
Ella, Madsen, ella.madsen@example.com, 29, female,lazybear225,achilles
Mabel, Jennings, mabel.jennings@example.com, 43, female,goldenladybug257,bang
Patrick, Carroll, patrick.carroll@example.com, 69, male,bigostrich603,christop
Matthew, Jean-Baptiste, matthew.jean-baptiste@example.com, 23, male,browndog832,shannon1
Antoine, Ennis, antoine.ennis@example.com, 25, male,smallduck209,lickit
محیا, سهيلي راد, mhy.shylyrd@example.com, 50, female,greenlion432,contains
Raymund, Böttcher, raymund.bottcher@example.com, 23, male,crazyfrog204,gangsta
Teresa, Russell, teresa.russell@example.com, 67, female,sadkoala141,656565
Remo, Dumont, remo.dumont@example.com, 53, male,organicfrog552,fettish
Julie, Larsen, julie.larsen@example.com, 69, female,goldenfrog263,cyclone
Kübra, Aclan, kubra.aclan@example.com, 29, female,redwolf794,francois
Melodie, Ginnish, melodie.ginnish@example.com, 72, female,beautifulcat854,happyday
Ava, Taylor, ava.taylor@example.com, 34, female,sadladybug960,bootys
آوین, علیزاده, awyn.aalyzdh@example.com, 32, female,whitemeercat520,nissan
Sofia, Park, sofia.park@example.com, 34, female,silverdog434,jammin
Justine, Chan, justine.chan@example.com, 40, female,redpanda531,jacob
Chaja, Snoeij, chaja.snoeij@example.com, 60, female,angrypeacock324,gene
Carmen, Perez, carmen.perez@example.com, 58, female,happygorilla960,turkey
Gene, Lane, gene.lane@example.com, 27, male,goldenmeercat728,zombie
Samuel, Kumar, samuel.kumar@example.com, 62, male,ticklishelephant251,terminat
Tania, Borrmann, tania.borrmann@example.com, 75, female,angryfish109,paulie
Salvador, Bell, salvador.bell@example.com, 53, male,blueelephant604,jokers
Alizee, Gaillard, alizee.gaillard@example.com, 24, female,crazyostrich508,secure
Gül, Poyrazoğlu, gul.poyrazoglu@example.com, 64, female,whitelion549,redd
Tracy, Peterson, tracy.peterson@example.com, 45, female,ticklishkoala752,matthew1
Christoffer, Mortensen, christoffer.mortensen@example.com, 73, male,browncat299,matt
Benjamin, Roger, benjamin.roger@example.com, 36, male,orangekoala998,redeye
Semra, Bäumler, semra.baumler@example.com, 37, female,organicfrog242,clarke
Frederik, Andersen, frederik.andersen@example.com, 34, male,smalltiger918,bell
Mathis, Garcia, mathis.garcia@example.com, 42, male,goldengorilla612,kashmir
Poppy, Cooper, poppy.cooper@example.com, 74, female,purplelion220,mustang1
Joseph, Smith, joseph.smith@example.com, 64, male,organicpeacock251,wanking
Mae, Perkins, mae.perkins@example.com, 58, female,redmeercat946,ramones
Alan, Reyes, alan.reyes@example.com, 53, male,goldengoose149,patrick
Lenni, Keranen, lenni.keranen@example.com, 56, male,crazybutterfly342,dietcoke
Darciela, Martins, darciela.martins@example.com, 67, female,bigostrich371,funky
Horst-Peter, Abraham, horst-peter.abraham@example.com, 35, male,lazymeercat781,jerkoff
Annabelle, Anderson, annabelle.anderson@example.com, 69, female,goldenbear685,hang
Otelo, Aragão, otelo.aragao@example.com, 52, male,silvergoose422,oregon
Isobel, Turner, isobel.turner@example.com, 58, female,angryfrog314,bollocks
Vincent, Barrett, vincent.barrett@example.com, 24, male,tinyswan520,ninjas
Emanuel, Lande, emanuel.lande@example.com, 36, male,goldenfrog760,carnage
Laly, Petit, laly.petit@example.com, 69, female,blackzebra522,neon
Ryder, Turner, ryder.turner@example.com, 31, male,silverduck724,ginscoot
Kuzey, Kuzucu, kuzey.kuzucu@example.com, 39, male,lazyleopard596,zouzou
محمدطاها, علیزاده, mhmdth.aalyzdh@example.com, 74, male,silversnake700,quartz
Volkan, Erberk, volkan.erberk@example.com, 70, male,yellowkoala862,lipstick
Mie, Jordet, mie.jordet@example.com, 26, female,organicduck662,royal
Carolyn, Franklin, carolyn.franklin@example.com, 74, female,greenkoala500,foster
Jacob, Robinson, jacob.robinson@example.com, 53, male,happycat242,trace
Ayan, Ertsås, ayan.ertsas@example.com, 56, female,tinyfrog443,trucks
Melike, Yıldızoğlu, melike.yildizoglu@example.com, 46, female,silverfrog255,tommy1
Jimi, Wallo, jimi.wallo@example.com, 23, male,crazybird165,thelma
Milton, Carpenter, milton.carpenter@example.com, 41, male,sadostrich935,hounddog
Wan, Vercoulen, wan.vercoulen@example.com, 67, female,smallelephant264,edge
Filippa, Rasmussen, filippa.rasmussen@example.com, 31, female,sadpeacock867,champ
Gunnar, Huse, gunnar.huse@example.com, 67, male,bigostrich154,amber
Jake, Harris, jake.harris@example.com, 50, male,blackostrich235,spoiled
Floyd, Burke, floyd.burke@example.com, 24, male,sadostrich245,pacino
Samantha, Wood, samantha.wood@example.com, 76, female,ticklishwolf486,lady
Maria, Kristensen, maria.kristensen@example.com, 62, female,angryelephant548,everett
Kerttu, Leinonen, kerttu.leinonen@example.com, 46, female,blueleopard345,slut
Aribert, Holland, aribert.holland@example.com, 60, male,brownbear123,country
Begüm, Uluhan, begum.uluhan@example.com, 69, female,organicduck474,alphabet
Dolores, Nieto, dolores.nieto@example.com, 32, female,greenelephant773,adonis
آرسین, نجاتی, arsyn.njty@example.com, 66, male,silvermouse296,chick
Kathy, Shaw, kathy.shaw@example.com, 73, female,silverbird655,mystic
Noah, Lopez, noah.lopez@example.com, 47, male,bluedog742,magick
Hans Dieter, Roß, hansdieter.ross@example.com, 54, male,ticklishpanda528,trunks
Svenja, Jean, svenja.jean@example.com, 49, female,angrywolf544,jeep
Margareta, Gonzalez, margareta.gonzalez@example.com, 31, female,whitepeacock977,istheman
Alice, Louis, alice.louis@example.com, 45, female,happyzebra728,5000
Teresa, Ward, teresa.ward@example.com, 31, female,ticklishlion963,wizard1
Christian, Tuijn, christian.tuijn@example.com, 22, male,greenostrich931,antelope
تارا, احمدی, tr.hmdy@example.com, 27, female,lazymeercat695,vbnm
Julie, Sørensen, julie.sorensen@example.com, 63, female,whiteswan870,hallo
Isabelle, Burns, isabelle.burns@example.com, 51, female,crazygorilla224,licker
Mattias, Ulbricht, mattias.ulbricht@example.com, 74, male,heavyswan960,wingman
Anne-Ruth, Blaak, anne-ruth.blaak@example.com, 72, female,greenrabbit644,1213
Borja, Leon, borja.leon@example.com, 45, male,tinydog382,2233
Angelo, Moreau, angelo.moreau@example.com, 40, male,angrylion844,falcon
Taciana, Carvalho, taciana.carvalho@example.com, 41, female,beautifulleopard210,787878
Marisa, Rühle, marisa.ruhle@example.com, 53, female,bluelion820,foreplay
Victoria, Mortensen, victoria.mortensen@example.com, 32, female,whiteelephant513,caravan
Mathias, Hansen, mathias.hansen@example.com, 59, male,happybear945,toni
Adrie, Pullens, adrie.pullens@example.com, 66, male,sadrabbit548,riffraff
Cathleen, Sasse, cathleen.sasse@example.com, 44, female,whiteelephant544,abgrtyu
Sophia, Thompson, sophia.thompson@example.com, 27, female,blackladybug857,breast
Javier, Muller, javier.muller@example.com, 43, male,purplewolf894,whocares
علی رضا, كامياران, aalyrd.kmyrn@example.com, 43, male,bigdog269,rocky1
Alice, Frazier, alice.frazier@example.com, 25, female,silverzebra664,alyssa
Eemeli, Pulli, eemeli.pulli@example.com, 50, male,redwolf849,sissy
Nádege, da Luz, nadege.daluz@example.com, 33, male,tinykoala492,playboy2
Scott, Bishop, scott.bishop@example.com, 62, male,brownbird941,zippy
Alexis, Knight, alexis.knight@example.com, 23, female,sadelephant126,muppet
Heini, Jeske, heini.jeske@example.com, 35, male,sadduck726,fergie
Darryl, Ruiz, darryl.ruiz@example.com, 28, male,bluegorilla987,woman
Gilbert, Perry, gilbert.perry@example.com, 56, male,sadrabbit996,homers
Brooklyn, Morris, brooklyn.morris@example.com, 33, female,yellowleopard826,seymour
Silvério, da Cruz, silverio.dacruz@example.com, 56, male,angrycat351,bogey
Abbie, Romero, abbie.romero@example.com, 28, female,yellowostrich457,windsurf
Anika, Ton, anika.ton@example.com, 34, female,angrypeacock129,diane
Alberte, Rasmussen, alberte.rasmussen@example.com, 43, female,bluepeacock881,daisy
Onur, Eliçin, onur.elicin@example.com, 68, male,crazyladybug408,thunderb
Leevi, Manninen, leevi.manninen@example.com, 58, male,tinyleopard549,dizzy
Franklin, Bowman, franklin.bowman@example.com, 28, male,whitedog101,betty
Octávio, Rodrigues, octavio.rodrigues@example.com, 63, male,goldenduck598,shock
Randy, Stone, randy.stone@example.com, 52, male,orangecat661,samantha
Florence, Harris, florence.harris@example.com, 43, female,heavysnake541,downer
Flenn, Russell, flenn.russell@example.com, 43, male,crazycat879,camp
Raj, Heijne, raj.heijne@example.com, 50, male,greenmeercat863,skyler
Albert, Alonso, albert.alonso@example.com, 54, male,brownmeercat896,throat
Louise, Holland, louise.holland@example.com, 35, female,yellowbird522,experienced
Margarida, Silveira, margarida.silveira@example.com, 35, female,whitewolf563,sneakers
Cornelus, Immerzeel, cornelus.immerzeel@example.com, 58, male,brownfrog243,bullseye
Daniel, Roy, daniel.roy@example.com, 29, male,sadpanda727,hongkong
Eduard, Pusch, eduard.pusch@example.com, 54, male,heavyladybug467,spank
Vedat, Atan, vedat.atan@example.com, 50, male,orangebear875,iamgod
Beatrice, Ennis, beatrice.ennis@example.com, 46, female,heavypeacock397,money
Hayley, Moore, hayley.moore@example.com, 54, female,whitemouse907,audi
Selene, Jesus, selene.jesus@example.com, 39, female,beautifulwolf186,seneca
Rachel, Baker, rachel.baker@example.com, 29, female,redcat622,asdfg
Karin, Krogsrud, karin.krogsrud@example.com, 56, female,organiccat261,susanne
Jordan, Chapman, jordan.chapman@example.com, 62, male,redleopard961,cypress
Juan, Medina, juan.medina@example.com, 40, male,happyelephant876,sweetnes
Fikria, Den Brok, fikria.denbrok@example.com, 31, female,orangekoala552,arsenal1
Flynn, Lewis, flynn.lewis@example.com, 31, male,ticklishbird471,damage
Matthieu, Charles, matthieu.charles@example.com, 35, male,blackzebra991,qqqq
Giselle, da Cunha, giselle.dacunha@example.com, 57, female,brownkoala929,zaq123
Acira, Melo, acira.melo@example.com, 63, female,ticklishkoala719,bowser
Daniel, Molina, daniel.molina@example.com, 29, male,sadgoose445,marvel
Poonam, Widdershoven, poonam.widdershoven@example.com, 25, female,happyswan409,police
Lily, Perez, lily.perez@example.com, 40, female,tinydog558,spidey
Ellen, Washington, ellen.washington@example.com, 48, female,smallpeacock513,grateful
آرسین, علیزاده, arsyn.aalyzdh@example.com, 76, male,greenduck554,jiggaman
Christopher, Lowe, christopher.lowe@example.com, 55, male,redduck395,dawson
Eemeli, Salonen, eemeli.salonen@example.com, 74, male,sadpanda599,therock
Grace, Watkins, grace.watkins@example.com, 65, female,organicgoose511,solution
Hadrien, Gonzalez, hadrien.gonzalez@example.com, 51, male,organicsnake105,tribe
Oğuzhan, Kumcuoğlu, oguzhan.kumcuoglu@example.com, 22, male,greenbird219,nintendo
Salsabil, Schroevers, salsabil.schroevers@example.com, 74, female,yellowbear484,hustler
Amy, Bélanger, amy.belanger@example.com, 34, female,beautifulbutterfly961,teddy
Mathilde, Nicolas, mathilde.nicolas@example.com, 44, female,smallostrich220,doogie
Dominic, Novak, dominic.novak@example.com, 40, male,bigostrich276,lister
Françoise, Duval, francoise.duval@example.com, 29, female,yellowzebra351,circus
Mathias, Christensen, mathias.christensen@example.com, 28, male,organicbutterfly690,bigfish
Chiara, Lucas, chiara.lucas@example.com, 48, female,angrydog104,vauxhall
Same, Hart, same.hart@example.com, 30, male,whitemouse656,piper
Erik, Burns, erik.burns@example.com, 27, male,blacktiger994,emily
Matilda, Jones, matilda.jones@example.com, 55, female,greenmeercat536,maverick
Mustafa, Okur, mustafa.okur@example.com, 60, male,purpleduck357,alberta
Tess, Boyer, tess.boyer@example.com, 67, female,purpleladybug754,bigger
Joan, Fletcher, joan.fletcher@example.com, 46, female,smallmouse888,riddle
Antoine, Brown, antoine.brown@example.com, 68, male,silverostrich257,autumn
Mille, Poulsen, mille.poulsen@example.com, 55, male,smallbird220,pingpong
Barbara, Nelson, barbara.nelson@example.com, 67, female,orangegorilla694,cannabis
Elliot, Roberts, elliot.roberts@example.com, 27, male,bluecat710,hubert
Malika, Lemaire, malika.lemaire@example.com, 39, female,bigfish733,webster
Aino, Haataja, aino.haataja@example.com, 46, female,brownelephant337,bartman
عرشيا, پارسا, aarshy.prs@example.com, 68, male,sadladybug299,tornado
Delphine, Lévesque, delphine.levesque@example.com, 27, female,orangemouse975,tang
Svein, Elvenes, svein.elvenes@example.com, 50, male,happymeercat226,bushido
Jackie, Jackson, jackie.jackson@example.com, 63, female,smallfrog762,answer
مهدیس, كامياران, mhdys.kmyrn@example.com, 68, female,goldentiger287,cherries
Eryk, Gran, eryk.gran@example.com, 28, male,heavymeercat235,backup
Lærke, Larsen, laerke.larsen@example.com, 33, female,greenmeercat890,erotic
Manfred, Lefevre, manfred.lefevre@example.com, 69, male,angrymouse756,challeng
Grace, Marshall, grace.marshall@example.com, 74, female,lazyrabbit733,marshall
رونیکا, صدر, rwnykh.sdr@example.com, 70, female,yellowrabbit206,yesyes
Emmy, Clement, emmy.clement@example.com, 70, female,lazybutterfly625,654321
Joachim, Louis, joachim.louis@example.com, 40, male,purplezebra775,omega
Jason, Coleman, jason.coleman@example.com, 32, male,sadlion210,morton
Elouan, Marie, elouan.marie@example.com, 55, male,organicbear623,ciccio
Joanna, Ramsøy, joanna.ramsoy@example.com, 75, female,orangeleopard922,mizzou
Fatmir, Guillot, fatmir.guillot@example.com, 39, male,greenbear134,spurs
Marius, Pedersen, marius.pedersen@example.com, 43, male,redzebra436,monkey12
Semir, Palm, semir.palm@example.com, 73, male,beautifulzebra757,rugby
Arnalda, da Rocha, arnalda.darocha@example.com, 32, female,angrypanda291,rubble
Caroline, Thomas, caroline.thomas@example.com, 48, female,goldenbird380,alibaba
Lilja, Savela, lilja.savela@example.com, 47, female,silvertiger226,19781978
Julia, Fuentes, julia.fuentes@example.com, 24, female,angrylion157,driven
Heinz-Otto, Kern, heinz-otto.kern@example.com, 22, male,ticklishgoose732,dildo
Sonia, Burton, sonia.burton@example.com, 23, female,ticklishfrog203,marino13
Francisco, Ibañez, francisco.ibanez@example.com, 24, male,redwolf491,maxwell1
Murat, Atakol, murat.atakol@example.com, 38, male,beautifulfrog633,michael2
Abigail, Li, abigail.li@example.com, 41, female,blackbird692,byteme
Joris, Perrin, joris.perrin@example.com, 30, male,silverlion370,oracle
Maxime, Berger, maxime.berger@example.com, 26, male,orangebear542,ford
Chaline, Plaisier, chaline.plaisier@example.com, 34, female,whiteladybug329,decker
Haydée, Moraes, haydee.moraes@example.com, 26, female,bluetiger953,spooge
Joel, Pelto, joel.pelto@example.com, 45, male,reddog141,stalin
Isabella, Campbell, isabella.campbell@example.com, 31, female,angrypanda273,classics
Jane, Barnes, jane.barnes@example.com, 32, female,ticklishwolf653,12qwaszx
Millie, Taylor, millie.taylor@example.com, 71, female,happyzebra536,brittany
Theo, Smith, theo.smith@example.com, 34, male,heavyswan716,survivor
Hernâni, Aragão, hernani.aragao@example.com, 51, male,bigpeacock379,homers
Marilou, Singh, marilou.singh@example.com, 29, female,happyelephant659,webster
Máximo, Silveira, maximo.silveira@example.com, 56, male,happymouse810,redrose
Ceyhan, Poçan, ceyhan.pocan@example.com, 36, female,organicpeacock203,1941
Victor, Reinsch, victor.reinsch@example.com, 42, male,browngorilla920,turtle
Emma, Fitzsimmons, emma.fitzsimmons@example.com, 23, female,brownfish790,abstr
Samuel, Grewal, samuel.grewal@example.com, 23, male,sadcat438,knock
Ümit, Avan, umit.avan@example.com, 73, male,whitesnake740,lonestar
Sam, Jones, sam.jones@example.com, 70, female,blackduck273,hallo
Thaïs, Joly, thais.joly@example.com, 35, female,silverdog946,5252
Janette, Georgi, janette.georgi@example.com, 71, female,ticklishbird287,hunting
Luca, Garnier, luca.garnier@example.com, 67, male,goldendog716,watcher
Penny, Gordon, penny.gordon@example.com, 39, female,happytiger409,uuuuuuu
ستایش, علیزاده, stysh.aalyzdh@example.com, 47, female,bigladybug598,zhai
Zeferina, Fogaça, zeferina.fogaca@example.com, 70, female,bluekoala903,medusa
Hanna, Larson, hanna.larson@example.com, 66, female,blacksnake343,corey
Alfonso, Diaz, alfonso.diaz@example.com, 48, male,heavymeercat241,williams
Elfi, Procee, elfi.procee@example.com, 56, female,happygoose100,stoner
Alfred, Olsen, alfred.olsen@example.com, 60, male,organicdog149,stylus
Lucinara, Araújo, lucinara.araujo@example.com, 60, female,yellowladybug294,lighting
Jimi, Hokkanen, jimi.hokkanen@example.com, 45, male,whiterabbit628,poiuy
Arnim, Back, arnim.back@example.com, 75, male,crazyfrog339,dudley
Hugh, Richards, hugh.richards@example.com, 68, male,crazysnake747,experience
Adam, Johnson, adam.johnson@example.com, 54, male,smallbear438,stan
Elias, Andersen, elias.andersen@example.com, 34, male,goldenladybug125,kelly1
Austin, Henry, austin.henry@example.com, 30, male,whitegorilla707,loud
ایلیا, موسوی, yly.mwswy@example.com, 60, male,smallbird497,iceman1
Luna, Bourgeois, luna.bourgeois@example.com, 73, female,yellowmouse531,madonna
Lina, Ås, lina.as@example.com, 45, female,happypanda694,rush2112
Delphine, Mackay, delphine.mackay@example.com, 28, female,beautifuldog477,tranny
Mary, Warren, mary.warren@example.com, 57, female,lazygorilla202,vodka
Victoria, Johnson, victoria.johnson@example.com, 73, female,orangegorilla565,postov1000
نازنین, کریمی, nznyn.khrymy@example.com, 32, female,smallswan115,nikita
Teja, Klausen, teja.klausen@example.com, 62, female,silvertiger809,pleasure
Cilia, Padding, cilia.padding@example.com, 64, female,yellowwolf639,michel
Jacob, Gauthier, jacob.gauthier@example.com, 70, male,yellowcat460,motley
Ece, Dağdaş, ece.dagdas@example.com, 45, female,yellowfish364,clover
Jordan, Evans, jordan.evans@example.com, 37, male,purplelion333,titanic
Gonca, Öztonga, gonca.oztonga@example.com, 59, female,orangebutterfly492,88888888
Raimund, Kastner, raimund.kastner@example.com, 48, male,organicbear480,makaveli
Nicolas, Richard, nicolas.richard@example.com, 42, male,yellowmeercat561,martin1
Elaine, Clark, elaine.clark@example.com, 58, female,silverelephant286,lennon
Oliver, Nurmi, oliver.nurmi@example.com, 29, male,whitedog611,1226
Muriel, Duval, muriel.duval@example.com, 26, female,orangetiger344,22222222
Christina, Soto, christina.soto@example.com, 38, female,sadduck121,cong
Marga, Nunes, marga.nunes@example.com, 56, female,redmouse786,dragonba
Santiago, Rojas, santiago.rojas@example.com, 25, male,biggoose110,fuzzy
Megan, Wallace, megan.wallace@example.com, 72, female,brownwolf578,alone
Elli, Arola, elli.arola@example.com, 25, female,goldenbear172,dshade
Liam, Cooper, liam.cooper@example.com, 74, male,sadduck439,legos
Fanny, Andre, fanny.andre@example.com, 34, female,blueelephant530,violin
بردیا, گلشن, brdy.glshn@example.com, 62, male,organicgoose543,color
Ugo, Rousseau, ugo.rousseau@example.com, 60, male,yellowlion351,warcraft
Valente, Ramos, valente.ramos@example.com, 22, male,lazygorilla317,budapest
Carrie, George, carrie.george@example.com, 75, female,whitewolf381,6464
Ariana, Green, ariana.green@example.com, 23, female,tinyleopard377,delmar
Rick, Carroll, rick.carroll@example.com, 42, male,brownswan752,postal
Ayat, Herheim, ayat.herheim@example.com, 65, female,orangepanda164,modelsne
Jesse, Kari, jesse.kari@example.com, 24, male,orangeswan912,henry
Maddison, Turner, maddison.turner@example.com, 44, female,crazyswan747,1492
Hermann, Garnier, hermann.garnier@example.com, 33, male,crazyzebra438,guitar
Onni, Maunu, onni.maunu@example.com, 36, male,happytiger788,cumming
Ismael, Castro, ismael.castro@example.com, 73, male,lazymeercat770,aaaaaa
Sedef, Dağlaroğlu, sedef.daglaroglu@example.com, 55, female,crazybird113,rugby
Emilio, Saez, emilio.saez@example.com, 40, male,greenduck430,nana
Lotti, Denis, lotti.denis@example.com, 48, female,lazycat362,taylor1
Aubrey, Abraham, aubrey.abraham@example.com, 35, female,purpleswan985,texas1
Venla, Niemela, venla.niemela@example.com, 53, female,blackostrich147,gambler
Clarence, Nichols, clarence.nichols@example.com, 62, male,goldenladybug769,monkeys
Gard, Frogner, gard.frogner@example.com, 38, male,orangewolf341,eastside
Gianfranco, Riviere, gianfranco.riviere@example.com, 36, male,whitegorilla672,1967
Kate, Hicks, kate.hicks@example.com, 25, female,saddog601,cook
Juho, Moilanen, juho.moilanen@example.com, 32, male,blacklion654,farmer
Martiniano, Peixoto, martiniano.peixoto@example.com, 58, male,lazydog967,funny
Marcelo, da Cruz, marcelo.dacruz@example.com, 55, male,tinyswan875,chriss
Riley, Thompson, riley.thompson@example.com, 54, male,angrydog913,jewels
Kübra, Erkekli, kubra.erkekli@example.com, 48, female,organicelephant767,buffet
Emilie, Wong, emilie.wong@example.com, 67, female,ticklishfish222,annika
Izzie, Lawson, izzie.lawson@example.com, 36, female,smallsnake248,knights
Lvia, Sales, lvia.sales@example.com, 75, female,heavymouse743,hunter
Floyd, Olson, floyd.olson@example.com, 54, male,whitegorilla633,saturday
Freddie, Fleming, freddie.fleming@example.com, 74, male,whitepanda514,promise
Samu, Pakkala, samu.pakkala@example.com, 44, male,heavykoala860,blowjob
Meinolf, Flick, meinolf.flick@example.com, 37, male,orangelion392,spencer
Blake, Morris, blake.morris@example.com, 24, male,organicpanda692,swimming
Kristin, Douglas, kristin.douglas@example.com, 37, female,bigcat274,909090
Onur, Akbulut, onur.akbulut@example.com, 57, male,bluetiger493,bukkake
Gonca, Elçiboğa, gonca.elciboga@example.com, 44, female,heavypeacock803,chuang
Martin, Guerrero, martin.guerrero@example.com, 70, male,greenbutterfly252,golfball
Gökhan, Demirel, gokhan.demirel@example.com, 74, male,crazyswan158,doubled
Edward, Hall, edward.hall@example.com, 71, male,greenduck216,mature
Sam, Anderson, sam.anderson@example.com, 74, female,silverostrich980,rage
Abigail, Anderson, abigail.anderson@example.com, 36, female,bluemouse187,cirrus
Iida, Takala, iida.takala@example.com, 35, female,yellowlion846,swordfish
Giray, Okur, giray.okur@example.com, 40, male,yellowkoala847,bananas
سهیل, صدر, shyl.sdr@example.com, 68, male,greenladybug104,playtime
Arttu, Korhonen, arttu.korhonen@example.com, 68, male,lazypeacock675,pablo
Elizabeth, Roberts, elizabeth.roberts@example.com, 68, female,happygoose137,throat
Herrmann, Mack, herrmann.mack@example.com, 32, male,whitemeercat594,porsche
Annette, Ellis, annette.ellis@example.com, 30, female,greenpanda608,shang
Noah, Skagestad, noah.skagestad@example.com, 72, male,sadmouse666,aaaaaa
Pippa, Wilson, pippa.wilson@example.com, 48, female,ticklishzebra482,shelby
Angela, Gibson, angela.gibson@example.com, 46, female,angrysnake959,budman
Luisa, Marquez, luisa.marquez@example.com, 68, female,blacksnake254,chiefs
Nina, Lemaire, nina.lemaire@example.com, 54, female,yellowmeercat635,tank
Christian, Vicente, christian.vicente@example.com, 31, male,tinyladybug412,bigpoppa
سارا, پارسا, sr.prs@example.com, 48, female,smallsnake538,apache
Sigrun, Bye, sigrun.bye@example.com, 71, female,lazypanda505,boater
Gertrude, Chavez, gertrude.chavez@example.com, 55, female,blueostrich399,capecod
Conchita, Klippel, conchita.klippel@example.com, 49, female,purplebird206,boxcar
عسل, حیدری, aasl.hydry@example.com, 29, female,yellowelephant587,bridge
Andy, Cunningham, andy.cunningham@example.com, 64, male,beautifulpeacock730,white
Anni, Wallo, anni.wallo@example.com, 47, female,sadkoala379,marsh
Ronja, Lahti, ronja.lahti@example.com, 31, female,tinysnake405,codered
Hertha, Hill, hertha.hill@example.com, 51, female,yellowgorilla114,glenn
Mason, Thompson, mason.thompson@example.com, 41, male,yellowgoose907,pool6123
Juan, Navarro, juan.navarro@example.com, 57, male,orangegorilla497,franco
Otacília, de Souza, otacilia.desouza@example.com, 75, female,crazyduck621,yvonne
Daniela, Klose, daniela.klose@example.com, 46, female,happybutterfly882,swinger
Alice, Douglas, alice.douglas@example.com, 24, female,blackleopard866,tiger
Elif, Gürmen, elif.gurmen@example.com, 52, female,blackdog152,sunrise
Ece, Akar, ece.akar@example.com, 62, female,organiccat773,bounty
Jose, Daniels, jose.daniels@example.com, 48, male,silverfrog267,pian
Manuela, Moreno, manuela.moreno@example.com, 36, female,angryelephant900,brothers
Andres, Ibañez, andres.ibanez@example.com, 54, male,lazyduck453,2828
Ehrhard, Reichardt, ehrhard.reichardt@example.com, 59, male,browncat162,conway
Irmak, Hoenderdos, irmak.hoenderdos@example.com, 43, female,goldencat156,buckley
Antoine, Ennis, antoine.ennis@example.com, 67, male,heavyzebra387,site
Aymen, Erens, aymen.erens@example.com, 68, male,ticklishleopard527,head
Lola, Crawford, lola.crawford@example.com, 68, female,goldensnake818,heidi1
Alexandra, Garcia, alexandra.garcia@example.com, 28, female,bigbear888,darklord
Jasmine, Wood, jasmine.wood@example.com, 30, female,smallbutterfly705,sssssss
Camille, Lam, camille.lam@example.com, 52, female,orangebutterfly400,novell
Hailey, Scott, hailey.scott@example.com, 41, female,tinysnake893,bigbird
Maya, Tempelaar, maya.tempelaar@example.com, 46, female,sadsnake152,enterprise
Acira, Teixeira, acira.teixeira@example.com, 43, female,silverelephant812,chris1
Jon, Ferguson, jon.ferguson@example.com, 30, male,yellowpanda777,336699
Murat, Özdoğan, murat.ozdogan@example.com, 50, male,smallgoose512,outkast
Bonnie, Brown, bonnie.brown@example.com, 47, female,ticklishsnake694,1029
Lotta, Moilanen, lotta.moilanen@example.com, 63, female,smallkoala564,simba
Sanni, Anttila, sanni.anttila@example.com, 34, female,purplecat656,real
Morten, Gravem, morten.gravem@example.com, 36, male,purplefrog926,boytoy
Bernice, Anderson, bernice.anderson@example.com, 41, female,beautifulcat524,1976
Eli, Wright, eli.wright@example.com, 31, male,lazysnake329,september
Khaled, Rødsjø, khaled.rodsjo@example.com, 26, male,bigmeercat705,phish1
Kayla, Thompson, kayla.thompson@example.com, 62, female,tinymouse454,wildcats
Gema, Campos, gema.campos@example.com, 28, female,silvertiger238,imagine
Aaron, Guillot, aaron.guillot@example.com, 27, male,organicdog253,slapshot
Oliver, Nielsen, oliver.nielsen@example.com, 55, male,bluemeercat363,greenbay
Babeth, Luijckx, babeth.luijckx@example.com, 38, female,organicfrog335,bryan1
Charles, Claire, charles.claire@example.com, 22, male,greencat583,alyssa
